{
  "oof_rmse": 1058159.6820907998,
  "test_rmse": 1096140.419460564,
  "test_mae": 757788.2376368998,
  "test_mape": 0.0861476671621282,
  "coefs": [
    0.03952558829921485,
    0.43603937172214174,
    -0.15577939833833523,
    0.1228375467586515,
    0.05712687568759114,
    0.19924181087863746,
    0.14379235398018092,
    -0.007291271608591897,
    0.044072310663515385,
    -0.10579964093770454,
    0.27816693136916376,
    -0.4628557841109156,
    0.2202362202768932,
    0.1926411465174682,
    -0.07875609255918548,
    0.0029036093757177014,
    -0.29679264725978344,
    0.14681069358101317,
    -0.3035896243903678,
    -0.19436805692843598,
    -0.36346601398919265,
    0.28700309614168384,
    0.009070402922458781,
    0.6119723415567275,
    0.13959937238788767
  ],
  "intercept": 302165.2566095032
}