{
  "folds": [
    {
      "RMSE": 1652441.259422315,
      "MAPE": 0.12325048337808599,
      "MAE": 1142542.7422950733,
      "Median_AE": 752251.5000000075
    },
    {
      "RMSE": 1816904.0290488298,
      "MAPE": 0.12896425452881896,
      "MAE": 1172875.2876371557,
      "Median_AE": 777387.0625
    },
    {
      "RMSE": 2002347.7855783084,
      "MAPE": 0.14018161548447278,
      "MAE": 1307746.5906034855,
      "Median_AE": 840110.4999999944
    },
    {
      "RMSE": 1813473.6712529736,
      "MAPE": 0.1348133501041538,
      "MAE": 1191234.8390705679,
      "Median_AE": 774131.6249999981
    }
  ]
}