{
  "RMSE": 1619229.5067821725,
  "MAPE": 0.12872481652004653,
  "MAE": 1137213.0321359534,
  "Median_AE": 841080.4531250014
}